corner,vdd,vin1_frac,expected_fall,delay_s,v1late,v2late,verdict
ff,3.0,0.03,1,1.21374E-09,-2.93179E-05,3,PASS
ff,3.0,0.15,1,1.21375E-09,-2.53094E-05,3,PASS
ff,3.0,0.30,1,1.21376E-09,-0.0178685,2.99991,PASS
ff,3.0,0.45,1,1.2155E-09,-0.113708,2.99988,PASS
ff,3.0,0.55,2,1.2158E-09,2.99988,-0.0860407,PASS
ff,3.0,0.70,2,1.21344E-09,2.99985,-0.0831416,PASS
ff,3.0,0.85,2,1.21374E-09,2.99981,-0.079956,PASS
ff,3.0,0.97,2,1.21405E-09,2.99979,-0.0766967,PASS
ff,3.3,0.03,1,1.2051E-09,-3.02587E-05,3.3,PASS
ff,3.3,0.15,1,1.2051E-09,-2.42839E-05,3.3,PASS
ff,3.3,0.30,1,1.20511E-09,-0.0320122,3.29948,PASS
ff,3.3,0.45,1,1.20665E-09,-0.0948974,3.29988,PASS
ff,3.3,0.55,2,1.20696E-09,3.29988,-0.0570888,PASS
ff,3.3,0.70,2,1.20526E-09,3.29985,-0.0541441,PASS
ff,3.3,0.85,2,1.20557E-09,3.29981,-0.0516997,PASS
ff,3.3,0.97,2,1.20589E-09,3.29977,-0.048431,PASS
ff,3.6,0.03,1,1.19887E-09,-2.94895E-05,3.6,PASS
ff,3.6,0.15,1,1.19887E-09,-3.23964E-05,3.6,PASS
ff,3.6,0.30,1,1.19887E-09,-0.0989415,3.59824,PASS
ff,3.6,0.45,1,1.19982E-09,-0.0665223,3.59988,PASS
ff,3.6,0.55,2,1.20022E-09,3.59987,-0.0450762,PASS
ff,3.6,0.70,2,1.19916E-09,3.59985,-0.0439491,PASS
ff,3.6,0.85,2,1.19937E-09,3.59981,-0.0411279,PASS
ff,3.6,0.97,2,1.19958E-09,3.59976,-0.0377939,PASS
fs,3.0,0.03,1,1.25043E-09,-7.91211E-05,3,PASS
fs,3.0,0.15,1,1.25049E-09,-6.8683E-05,3,PASS
fs,3.0,0.30,1,1.25062E-09,-0.013079,2.99966,PASS
fs,3.0,0.45,1,1.25462E-09,-0.0787407,2.99986,PASS
fs,3.0,0.55,2,1.25207E-09,2.99977,-0.0483183,PASS
fs,3.0,0.70,2,1.24646E-09,3.00002,-0.044404,PASS
fs,3.0,0.85,2,1.24676E-09,3.00179,-0.0507168,PASS
fs,3.0,0.97,2,1.24748E-09,2.99729,-0.0734772,PASS
fs,3.3,0.03,1,1.23639E-09,-7.24769E-05,3.3,PASS
fs,3.3,0.15,1,1.23642E-09,-5.33435E-05,3.3,PASS
fs,3.3,0.30,1,1.23648E-09,-0.0223427,3.29976,PASS
fs,3.3,0.45,1,1.2391E-09,-0.0560283,3.29977,PASS
fs,3.3,0.55,2,1.23825E-09,3.29972,-0.0343279,PASS
fs,3.3,0.70,2,1.23507E-09,3.29978,-0.0303339,PASS
fs,3.3,0.85,2,1.23548E-09,3.30023,-0.0279325,PASS
fs,3.3,0.97,2,1.23618E-09,3.30204,-0.0346835,PASS
fs,3.6,0.03,1,1.22637E-09,-7.31336E-05,3.6,PASS
fs,3.6,0.15,1,1.22638E-09,-4.27843E-05,3.6,PASS
fs,3.6,0.30,1,1.22639E-09,-0.0314326,3.59975,PASS
fs,3.6,0.45,1,1.22816E-09,-0.0397543,3.59973,PASS
fs,3.6,0.55,2,1.22822E-09,3.5997,-0.0322227,PASS
fs,3.6,0.70,2,1.22601E-09,3.59973,-0.0269987,PASS
fs,3.6,0.85,2,1.22633E-09,3.5999,-0.0231831,PASS
fs,3.6,0.97,2,1.22688E-09,3.60023,-0.0225625,PASS
sf,3.0,0.03,1,1.29876E-09,-0.000119004,3,PASS
sf,3.0,0.15,1,1.29898E-09,-0.000118611,3,PASS
sf,3.0,0.30,1,1.2993E-09,-0.000292462,2.99998,PASS
sf,3.0,0.45,1,1.30237E-09,-0.0461574,2.99891,PASS
sf,3.0,0.55,2,1.29715E-09,2.99925,-0.112476,PASS
sf,3.0,0.70,2,1.28331E-09,2.99836,-0.0581267,PASS
sf,3.0,0.85,2,1.28158E-09,2.99936,-0.0370376,PASS
sf,3.0,0.97,2,1.28197E-09,2.99888,-0.022313,PASS
sf,3.3,0.03,1,1.27463E-09,-0.000114258,3.3,PASS
sf,3.3,0.15,1,1.27478E-09,-0.000113073,3.3,PASS
sf,3.3,0.30,1,1.27503E-09,-0.00291958,3.29983,PASS
sf,3.3,0.45,1,1.27797E-09,-0.117269,3.29894,PASS
sf,3.3,0.55,2,1.27415E-09,3.29975,-0.111418,PASS
sf,3.3,0.70,2,1.26623E-09,3.29971,-0.106989,PASS
sf,3.3,0.85,2,1.26595E-09,3.29847,-0.0633188,PASS
sf,3.3,0.97,2,1.2666E-09,3.29922,-0.0448319,PASS
sf,3.6,0.03,1,1.25758E-09,-0.000112246,3.6,PASS
sf,3.6,0.15,1,1.25766E-09,-0.000109546,3.6,PASS
sf,3.6,0.30,1,1.25781E-09,-0.010998,3.59966,PASS
sf,3.6,0.45,1,1.26005E-09,-0.120027,3.59974,PASS
sf,3.6,0.55,2,1.25778E-09,3.59972,-0.0882853,PASS
sf,3.6,0.70,2,1.25359E-09,3.59985,-0.0819403,PASS
sf,3.6,0.85,2,1.25391E-09,3.60113,-0.0872748,PASS
sf,3.6,0.97,2,1.25459E-09,3.59852,-0.0694497,PASS
ss,3.0,0.03,1,1.41086E-09,-0.000475997,3.00003,PASS
ss,3.0,0.15,1,1.41183E-09,-0.00047755,3.00003,PASS
ss,3.0,0.30,1,1.41377E-09,-0.000366079,3.00003,PASS
ss,3.0,0.45,1,1.41714E-09,-0.0201571,2.99912,PASS
ss,3.0,0.55,2,1.40236E-09,2.99909,-0.0365455,PASS
ss,3.0,0.70,2,1.37872E-09,2.99882,-0.0229207,PASS
ss,3.0,0.85,2,1.36788E-09,2.99978,-0.00422217,PASS
ss,3.0,0.97,2,1.36315E-09,3.00017,-0.00398735,PASS
ss,3.3,0.03,1,1.36605E-09,-0.000382117,3.30002,PASS
ss,3.3,0.15,1,1.36639E-09,-0.000381351,3.30002,PASS
ss,3.3,0.30,1,1.36711E-09,-0.000242993,3.30001,PASS
ss,3.3,0.45,1,1.3699E-09,-0.038454,3.29921,PASS
ss,3.3,0.55,2,1.36342E-09,3.29838,-0.0617675,PASS
ss,3.3,0.70,2,1.34334E-09,3.299,-0.0423665,PASS
ss,3.3,0.85,2,1.33522E-09,3.2987,-0.0184786,PASS
ss,3.3,0.97,2,1.33228E-09,3.29998,-0.00505042,PASS
ss,3.6,0.03,1,1.33642E-09,-0.000343573,3.60001,PASS
ss,3.6,0.15,1,1.33666E-09,-0.000340665,3.60001,PASS
ss,3.6,0.30,1,1.33725E-09,-0.000814785,3.59992,PASS
ss,3.6,0.45,1,1.34068E-09,-0.0587649,3.59877,PASS
ss,3.6,0.55,2,1.33514E-09,3.60249,-0.0657829,PASS
ss,3.6,0.70,2,1.31763E-09,3.59888,-0.0613182,PASS
ss,3.6,0.85,2,1.31202E-09,3.59845,-0.0405678,PASS
ss,3.6,0.97,2,1.31246E-09,3.59886,-0.0154291,PASS
tt,3.0,0.03,1,1.27159E-09,-9.79877E-05,3,PASS
tt,3.0,0.15,1,1.27171E-09,-9.5287E-05,3,PASS
tt,3.0,0.30,1,1.27195E-09,-0.00363562,2.99979,PASS
tt,3.0,0.45,1,1.27597E-09,-0.104527,2.99924,PASS
tt,3.0,0.55,2,1.27189E-09,2.9998,-0.0927724,PASS
tt,3.0,0.70,2,1.26279E-09,3.00003,-0.0905994,PASS
tt,3.0,0.85,2,1.26247E-09,2.99816,-0.061633,PASS
tt,3.0,0.97,2,1.26321E-09,2.99915,-0.04211,PASS
tt,3.3,0.03,1,1.25307E-09,-9.36939E-05,3.3,PASS
tt,3.3,0.15,1,1.25315E-09,-8.79699E-05,3.3,PASS
tt,3.3,0.30,1,1.25331E-09,-0.0122687,3.29966,PASS
tt,3.3,0.45,1,1.25645E-09,-0.100868,3.29979,PASS
tt,3.3,0.55,2,1.25409E-09,3.29974,-0.0676473,PASS
tt,3.3,0.70,2,1.24903E-09,3.29992,-0.0625357,PASS
tt,3.3,0.85,2,1.24931E-09,3.30154,-0.067928,PASS
tt,3.3,0.97,2,1.24991E-09,3.2978,-0.0728346,PASS
tt,3.6,0.03,1,1.23986E-09,-8.637E-05,3.6,PASS
tt,3.6,0.15,1,1.23989E-09,-7.52133E-05,3.6,PASS
tt,3.6,0.30,1,1.23995E-09,-0.0216996,3.59976,PASS
tt,3.6,0.45,1,1.24242E-09,-0.0793819,3.59975,PASS
tt,3.6,0.55,2,1.24129E-09,3.59971,-0.0464358,PASS
tt,3.6,0.70,2,1.23855E-09,3.59973,-0.0412537,PASS
tt,3.6,0.85,2,1.23894E-09,3.6003,-0.0380264,PASS
tt,3.6,0.97,2,1.23951E-09,3.60268,-0.0501305,PASS
