corner,vdd,vcm,delay_s,v1min,v2min,verdict
ff,3.0,0.4,1.02587E-09,1.21349,-9.50956E-06,PARTIAL
ff,3.0,0.7,1.00999E-09,-0.00597098,1.63033,PARTIAL
ff,3.0,1.0,9.72889E-10,-0.065453,2.16537,PASS
ff,3.0,1.3,9.64571E-10,-0.0909256,2.36768,PASS
ff,3.0,1.65,9.71921E-10,-0.0604353,2.53708,PASS
ff,3.0,2.0,9.88127E-10,-0.0410639,2.66222,PASS
ff,3.0,2.4,1.00992E-09,-0.0356469,2.74872,PASS
ff,3.0,2.8,1.02086E-09,-0.0282582,2.58054,PASS
ff,3.3,0.4,1.00895E-09,1.3221,-7.0104E-06,PARTIAL
ff,3.3,0.7,9.92496E-10,-0.00601242,1.82869,PARTIAL
ff,3.3,1.0,9.58636E-10,-0.0632345,2.39537,PASS
ff,3.3,1.3,9.5065E-10,-0.0939364,2.60535,PASS
ff,3.3,1.65,9.57006E-10,-0.0628681,2.78728,PASS
ff,3.3,2.0,9.7238E-10,-0.0522885,2.92429,PASS
ff,3.3,2.4,9.96291E-10,-0.0396228,3.02241,PASS
ff,3.3,2.8,1.01627E-09,-0.0339473,2.87927,PASS
ff,3.6,0.4,9.9611E-10,1.4293,-9.98757E-06,PARTIAL
ff,3.6,0.7,9.79449E-10,-0.00605307,2.02474,PARTIAL
ff,3.6,1.0,9.47738E-10,-0.0557134,2.62547,PASS
ff,3.6,1.3,9.39769E-10,-0.0963042,2.84557,PASS
ff,3.6,1.65,9.4489E-10,-0.0648122,3.03413,PASS
ff,3.6,2.0,9.59028E-10,-0.0618664,3.17877,PASS
ff,3.6,2.4,9.82358E-10,-0.0425023,3.28447,PASS
ff,3.6,2.8,1.01042E-09,-0.037845,3.16687,PASS
fs,3.0,0.4,1.08118E-09,1.14653,-0.000114593,PARTIAL
fs,3.0,0.7,1.08238E-09,1.23863,-0.00814351,PARTIAL
fs,3.0,1.0,1.04809E-09,-0.0296624,1.77922,PARTIAL
fs,3.0,1.3,1.02706E-09,-0.0708698,2.05362,PARTIAL
fs,3.0,1.65,1.01963E-09,-0.0569705,2.21017,PASS
fs,3.0,2.0,1.02161E-09,-0.0592499,2.30724,PASS
fs,3.0,2.4,1.02795E-09,-0.0194922,2.38219,PASS
fs,3.0,2.8,1.0328E-09,-0.0166561,2.43623,PASS
fs,3.3,0.4,1.05836E-09,1.25718,-0.000111902,PARTIAL
fs,3.3,0.7,1.05818E-09,1.25618,-0.00818026,PARTIAL
fs,3.3,1.0,1.02509E-09,-0.0283649,2.00236,PARTIAL
fs,3.3,1.3,1.00656E-09,-0.0747719,2.28648,PARTIAL
fs,3.3,1.65,1.00009E-09,-0.0593422,2.45192,PASS
fs,3.3,2.0,1.00259E-09,-0.0648137,2.56132,PASS
fs,3.3,2.4,1.01035E-09,-0.0234599,2.65296,PASS
fs,3.3,2.8,1.01772E-09,-0.018831,2.72778,PASS
fs,3.6,0.4,1.04076E-09,1.36625,-0.000110412,PARTIAL
fs,3.6,0.7,1.03935E-09,-0.00797706,1.38019,PARTIAL
fs,3.6,1.0,1.00763E-09,-0.027265,2.22282,PARTIAL
fs,3.6,1.3,9.90801E-10,-0.0779187,2.51589,PARTIAL
fs,3.6,1.65,9.84791E-10,-0.0610726,2.68986,PASS
fs,3.6,2.0,9.87252E-10,-0.0690657,2.80943,PASS
fs,3.6,2.4,9.95723E-10,-0.0376559,2.91576,PASS
fs,3.6,2.8,1.00471E-09,-0.0210736,3.00136,PASS
sf,3.0,0.4,1.17127E-09,1.257,-2.32481E-06,PARTIAL
sf,3.0,0.7,1.17695E-09,1.39786,-0.00200966,PARTIAL
sf,3.0,1.0,1.16191E-09,-0.0146875,1.43888,PARTIAL
sf,3.0,1.3,1.10772E-09,-0.0558068,1.90423,PARTIAL
sf,3.0,1.65,1.08271E-09,-0.0864912,2.12678,PASS
sf,3.0,2.0,1.0746E-09,-0.0609193,2.24494,PASS
sf,3.0,2.4,1.07415E-09,-0.0586208,2.31711,PASS
sf,3.0,2.8,1.07517E-09,-0.0197094,2.3565,PASS
sf,3.3,0.4,1.13586E-09,1.35865,-2.28025E-06,PARTIAL
sf,3.3,0.7,1.14053E-09,1.52509,-0.00198876,PARTIAL
sf,3.3,1.0,1.12115E-09,-0.0147732,1.67434,PARTIAL
sf,3.3,1.3,1.07531E-09,-0.0526025,2.1348,PARTIAL
sf,3.3,1.65,1.05398E-09,-0.0922252,2.36612,PASS
sf,3.3,2.0,1.04727E-09,-0.064482,2.49333,PASS
sf,3.3,2.4,1.0481E-09,-0.0655315,2.57964,PASS
sf,3.3,2.8,1.0513E-09,-0.0246579,2.63159,PASS
sf,3.6,0.4,1.1092E-09,1.46056,-2.88272E-06,PARTIAL
sf,3.6,0.7,1.11347E-09,1.65167,-0.00197582,PARTIAL
sf,3.6,1.0,1.09155E-09,-0.0148315,1.88884,PARTIAL
sf,3.6,1.3,1.05131E-09,-0.0477921,2.35964,PARTIAL
sf,3.6,1.65,1.03235E-09,-0.0968244,2.60125,PASS
sf,3.6,2.0,1.02641E-09,-0.0672485,2.73614,PASS
sf,3.6,2.4,1.02777E-09,-0.0712562,2.83418,PASS
sf,3.6,2.8,1.03254E-09,-0.036502,2.90007,PASS
ss,3.0,0.4,1.28521E-09,1.17759,-7.38973E-05,PARTIAL
ss,3.0,0.7,1.28781E-09,1.27451,-0.00493052,PARTIAL
ss,3.0,1.0,1.29611E-09,1.38398,-0.0176739,PARTIAL
ss,3.0,1.3,1.28917E-09,1.34789,-0.0354073,PARTIAL
ss,3.0,1.65,1.24952E-09,-0.0567262,1.56995,PARTIAL
ss,3.0,2.0,1.22225E-09,-0.0576243,1.76705,PARTIAL
ss,3.0,2.4,1.20647E-09,-0.0605023,1.88365,PARTIAL
ss,3.0,2.8,1.19987E-09,-0.0405635,1.93689,PARTIAL
ss,3.3,0.4,1.23786E-09,1.28059,-7.49662E-05,PARTIAL
ss,3.3,0.7,1.24032E-09,1.39785,-0.00492963,PARTIAL
ss,3.3,1.0,1.24759E-09,1.51797,-0.0179418,PARTIAL
ss,3.3,1.3,1.23358E-09,-0.0330955,1.25075,PARTIAL
ss,3.3,1.65,1.19633E-09,-0.0602266,1.82343,PARTIAL
ss,3.3,2.0,1.17307E-09,-0.0611982,2.02258,PARTIAL
ss,3.3,2.4,1.15946E-09,-0.0664001,2.14899,PARTIAL
ss,3.3,2.8,1.15368E-09,-0.0537976,2.21447,PARTIAL
ss,3.6,0.4,1.2017E-09,1.38389,-7.50786E-05,PARTIAL
ss,3.6,0.7,1.20415E-09,1.5213,-0.00492689,PARTIAL
ss,3.6,1.0,1.21006E-09,1.64616,-0.0181462,PARTIAL
ss,3.6,1.3,1.19146E-09,-0.0334643,1.63518,PARTIAL
ss,3.6,1.65,1.15736E-09,-0.063327,2.06137,PARTIAL
ss,3.6,2.0,1.13715E-09,-0.0641052,2.26529,PARTIAL
ss,3.6,2.4,1.12523E-09,-0.0711477,2.39872,PARTIAL
ss,3.6,2.8,1.12014E-09,-0.0648067,2.47674,PARTIAL
tt,3.0,0.4,1.12028E-09,1.1912,-1.54379E-05,PARTIAL
tt,3.0,0.7,1.12512E-09,1.35929,-0.00463663,PARTIAL
tt,3.0,1.0,1.09514E-09,-0.0199551,1.63742,PARTIAL
tt,3.0,1.3,1.06182E-09,-0.0805187,1.98429,PARTIAL
tt,3.0,1.65,1.04713E-09,-0.0599546,2.17383,PASS
tt,3.0,2.0,1.04455E-09,-0.0610033,2.27658,PASS
tt,3.0,2.4,1.04776E-09,-0.0431839,2.34506,PASS
tt,3.0,2.8,1.05082E-09,-0.0181127,2.39052,PASS
tt,3.3,0.4,1.09216E-09,1.29605,-1.49307E-05,PARTIAL
tt,3.3,0.7,1.09626E-09,1.48297,-0.0046378,PARTIAL
tt,3.3,1.0,1.06536E-09,-0.0198674,1.85717,PARTIAL
tt,3.3,1.3,1.03636E-09,-0.083258,2.2157,PARTIAL
tt,3.3,1.65,1.02366E-09,-0.0631177,2.41401,PASS
tt,3.3,2.0,1.02189E-09,-0.0649154,2.52609,PASS
tt,3.3,2.4,1.02657E-09,-0.0542692,2.61102,PASS
tt,3.3,2.8,1.03183E-09,-0.0211735,2.6769,PASS
tt,3.6,0.4,1.07077E-09,1.4007,-1.53535E-05,PARTIAL
tt,3.6,0.7,1.0742E-09,1.60257,-0.00464552,PARTIAL
tt,3.6,1.0,1.04308E-09,-0.0197749,2.07339,PARTIAL
tt,3.6,1.3,1.01716E-09,-0.0851991,2.44381,PARTIAL
tt,3.6,1.65,1.00562E-09,-0.0658123,2.6499,PASS
tt,3.6,2.0,1.00415E-09,-0.0679204,2.77056,PASS
tt,3.6,2.4,1.00929E-09,-0.0639946,2.8718,PASS
tt,3.6,2.8,1.01622E-09,-0.0245324,2.95192,PASS
