corner,vdd,vcm,delay_s,v1late,v2late,v1min,v2min,verdict
ff,3.0,0.4,1.32598E-09,3,-6.0213E-06,1.22765,-9.46905E-06,WRONGPOL
ff,3.0,0.7,1.29228E-09,-0.00596103,3,-0.00596956,1.89483,PASS
ff,3.0,1.0,1.26439E-09,-0.0587505,2.99907,-0.0654736,2.34782,PASS
ff,3.0,1.3,1.27144E-09,-0.0898789,2.9999,-0.0909291,2.57782,PASS
ff,3.0,1.65,1.30908E-09,-0.050067,2.99988,-0.0567339,2.74631,PASS
ff,3.0,2.0,1.3932E-09,-0.0393167,2.99984,-0.0408813,2.86867,PASS
ff,3.0,2.4,1.44857E-09,-0.0335039,2.99978,-0.0356745,2.52631,PASS
ff,3.0,2.8,1.40331E-09,-0.0253204,2.99974,-0.028291,1.54588,PASS
ff,3.3,0.4,1.30903E-09,3.3,-6.79053E-06,1.33639,-6.8382E-06,WRONGPOL
ff,3.3,0.7,1.27647E-09,-0.00598027,3.3,-0.00601002,2.10818,PASS
ff,3.3,1.0,1.25075E-09,-0.0524969,3.29887,-0.0633402,2.58065,PASS
ff,3.3,1.3,1.25595E-09,-0.0928563,3.2999,-0.0939332,2.82387,PASS
ff,3.3,1.65,1.28834E-09,-0.0539933,3.29988,-0.0613703,3.00612,PASS
ff,3.3,2.0,1.36198E-09,-0.0424316,3.29986,-0.0439438,3.1287,PASS
ff,3.3,2.4,1.45609E-09,-0.0376671,3.29981,-0.0396607,2.7589,PASS
ff,3.3,2.8,1.41061E-09,-0.0311732,3.29973,-0.0339862,1.72865,PASS
ff,3.6,0.4,1.29618E-09,3.6,-9.29065E-06,1.4416,-9.5886E-06,WRONGPOL
ff,3.6,0.7,1.26468E-09,-0.00599791,3.6,-0.00604885,2.3161,PASS
ff,3.6,1.0,1.24002E-09,-0.0416523,3.59898,-0.0560067,2.82133,PASS
ff,3.6,1.3,1.24356E-09,-0.095187,3.5999,-0.0963047,3.06895,PASS
ff,3.6,1.65,1.27075E-09,-0.0571093,3.59989,-0.0643002,3.26112,PASS
ff,3.6,2.0,1.33221E-09,-0.0448339,3.59987,-0.0463277,3.37926,PASS
ff,3.6,2.4,1.4563E-09,-0.0406553,3.59983,-0.0425411,3.02801,PASS
ff,3.6,2.8,1.41443E-09,-0.0353558,3.59976,-0.0378977,2.03022,PASS
fs,3.0,0.4,1.38149E-09,3,-0.000112882,1.17723,-0.000114616,WRONGPOL
fs,3.0,0.7,1.36632E-09,-0.00789285,3,-0.00790161,1.53847,PASS
fs,3.0,1.0,1.32806E-09,-0.0276621,2.99978,-0.0296806,2.05776,PASS
fs,3.0,1.3,1.31824E-09,-0.0693365,2.99977,-0.0708712,2.27434,PASS
fs,3.0,1.65,1.3277E-09,-0.0326161,2.99972,-0.0567512,2.44496,PASS
fs,3.0,2.0,1.34896E-09,-0.0241262,2.99973,-0.0365439,2.57992,PASS
fs,3.0,2.4,1.37856E-09,-0.0184887,2.99989,-0.0195026,2.68674,PASS
fs,3.0,2.8,1.39547E-09,-0.0162317,2.99995,-0.0166611,2.45588,PASS
fs,3.3,0.4,1.35864E-09,3.3,-0.000111636,1.28906,-0.00011188,WRONGPOL
fs,3.3,0.7,1.34215E-09,-0.00792995,3.3,-0.00793306,1.74212,PASS
fs,3.3,1.0,1.30764E-09,-0.0268589,3.29984,-0.0283898,2.28736,PASS
fs,3.3,1.3,1.29882E-09,-0.0731369,3.29977,-0.0747765,2.51502,PASS
fs,3.3,1.65,1.30773E-09,-0.0359675,3.29973,-0.0592531,2.69931,PASS
fs,3.3,2.0,1.32922E-09,-0.0276974,3.2997,-0.0475587,2.84787,PASS
fs,3.3,2.4,1.36296E-09,-0.0212169,3.29983,-0.0228397,2.96649,PASS
fs,3.3,2.8,1.38955E-09,-0.018149,3.29992,-0.0188426,2.75901,PASS
fs,3.6,0.4,1.34101E-09,3.6,-0.00011018,1.39933,-0.000110296,WRONGPOL
fs,3.6,0.7,1.32363E-09,-0.00795947,3.6,-0.00797657,1.94582,PASS
fs,3.6,1.0,1.29187E-09,-0.0261309,3.59989,-0.0272965,2.51523,PASS
fs,3.6,1.3,1.28364E-09,-0.0761259,3.59977,-0.0779237,2.75213,PASS
fs,3.6,1.65,1.29144E-09,-0.0386203,3.59974,-0.061051,2.94718,PASS
fs,3.6,2.0,1.31201E-09,-0.0305848,3.5997,-0.0571541,3.10563,PASS
fs,3.6,2.4,1.34656E-09,-0.0239093,3.59978,-0.0260505,3.23349,PASS
fs,3.6,2.8,1.38422E-09,-0.0200187,3.5999,-0.0210571,3.03737,PASS
sf,3.0,0.4,1.47143E-09,3,-2.11964E-06,1.27057,-2.29645E-06,WRONGPOL
sf,3.0,0.7,1.47881E-09,3,-0.00200833,1.41735,-0.00200959,WRONGPOL
sf,3.0,1.0,1.41933E-09,-0.0145977,2.99999,-0.0146883,1.82754,PASS
sf,3.0,1.3,1.38169E-09,-0.0450545,2.99915,-0.0558702,2.15821,PASS
sf,3.0,1.65,1.37219E-09,-0.0845428,2.99974,-0.0864938,2.34754,PASS
sf,3.0,2.0,1.38034E-09,-0.0398207,2.99969,-0.0605612,2.46627,PASS
sf,3.0,2.4,1.39555E-09,-0.0253466,2.99973,-0.033961,2.57652,PASS
sf,3.0,2.8,1.40731E-09,-0.0188135,2.9999,-0.0197135,2.64782,PASS
sf,3.3,0.4,1.436E-09,3.3,-1.30993E-06,1.3745,-2.38383E-06,WRONGPOL
sf,3.3,0.7,1.44096E-09,3.3,-0.0019873,1.53247,-0.00198879,WRONGPOL
sf,3.3,1.0,1.38577E-09,-0.0147047,3.29999,-0.0147745,2.04848,PASS
sf,3.3,1.3,1.35345E-09,-0.042911,3.29934,-0.0527148,2.39383,PASS
sf,3.3,1.65,1.34549E-09,-0.0901848,3.29974,-0.092228,2.59278,PASS
sf,3.3,2.0,1.35423E-09,-0.0454497,3.2997,-0.0642903,2.72953,PASS
sf,3.3,2.4,1.37183E-09,-0.0309374,3.29966,-0.043236,2.86363,PASS
sf,3.3,2.8,1.38898E-09,-0.0223545,3.29985,-0.0239837,2.95635,PASS
sf,3.6,0.4,1.40931E-09,3.6,-2.84937E-06,1.47859,-2.87286E-06,WRONGPOL
sf,3.6,0.7,1.41287E-09,3.6,-0.00197596,1.64063,-0.00197598,WRONGPOL
sf,3.6,1.0,1.36087E-09,-0.0147819,3.59999,-0.0148328,2.26639,PASS
sf,3.6,1.3,1.33205E-09,-0.0400767,3.59957,-0.0479647,2.6275,PASS
sf,3.6,1.65,1.32484E-09,-0.0946221,3.59974,-0.0968301,2.83398,PASS
sf,3.6,2.0,1.33313E-09,-0.0500447,3.59971,-0.0671641,2.98533,PASS
sf,3.6,2.4,1.35168E-09,-0.0357705,3.59964,-0.0533286,3.13662,PASS
sf,3.6,2.8,1.37233E-09,-0.0261668,3.59977,-0.0288061,3.24407,PASS
ss,3.0,0.4,1.58556E-09,3,-6.99083E-05,1.20189,-7.38926E-05,WRONGPOL
ss,3.0,0.7,1.59042E-09,2.99999,-0.0049073,1.3252,-0.0049305,WRONGPOL
ss,3.0,1.0,1.58754E-09,2.99998,-0.0175795,1.30169,-0.0176742,WRONGPOL
ss,3.0,1.3,1.54138E-09,-0.0316539,2.99989,-0.0324481,1.66025,PASS
ss,3.0,1.65,1.50511E-09,-0.0551443,3.00022,-0.056726,1.92214,PASS
ss,3.0,2.0,1.4895E-09,-0.0208853,3.00016,-0.0575607,2.06311,PASS
ss,3.0,2.4,1.48443E-09,-0.0165235,2.99999,-0.0559974,2.14994,PASS
ss,3.0,2.8,1.48354E-09,-0.015543,3,-0.0186721,2.19457,PASS
ss,3.3,0.4,1.53818E-09,3.3,-7.1891E-05,1.30902,-7.49569E-05,WRONGPOL
ss,3.3,0.7,1.54269E-09,3.3,-0.00491523,1.45224,-0.00492961,WRONGPOL
ss,3.3,1.0,1.53409E-09,-0.0173288,3.29999,-0.0173788,1.35849,PASS
ss,3.3,1.3,1.49081E-09,-0.0323456,3.2999,-0.0331007,1.89982,PASS
ss,3.3,1.65,1.46056E-09,-0.0585958,3.30021,-0.0602262,2.16885,PASS
ss,3.3,2.0,1.44807E-09,-0.0229692,3.30009,-0.0611659,2.31793,PASS
ss,3.3,2.4,1.44525E-09,-0.0181854,3.29997,-0.0628947,2.41628,PASS
ss,3.3,2.8,1.44716E-09,-0.0170108,3.29999,-0.0249551,2.46892,PASS
ss,3.6,0.4,1.502E-09,3.6,-7.24546E-05,1.41645,-7.50474E-05,WRONGPOL
ss,3.6,0.7,1.5061E-09,3.6,-0.00491804,1.57778,-0.00492684,WRONGPOL
ss,3.6,1.0,1.49327E-09,-0.0175186,3.59999,-0.0175586,1.63822,PASS
ss,3.6,1.3,1.45325E-09,-0.0328295,3.59992,-0.0334737,2.13204,PASS
ss,3.6,1.65,1.4272E-09,-0.0622069,3.60004,-0.0633266,2.40785,PASS
ss,3.6,2.0,1.41678E-09,-0.0250083,3.60004,-0.0640901,2.56339,PASS
ss,3.6,2.4,1.41542E-09,-0.0197698,3.59995,-0.0686109,2.67141,PASS
ss,3.6,2.8,1.41956E-09,-0.0183601,3.59998,-0.0357499,2.73446,PASS
tt,3.0,0.4,1.4205E-09,3,-1.52335E-05,1.2134,-1.54455E-05,WRONGPOL
tt,3.0,0.7,1.41867E-09,-0.00452266,3,-0.00452291,1.23499,PASS
tt,3.0,1.0,1.36633E-09,-0.0195694,2.99996,-0.0199594,1.95334,PASS
tt,3.0,1.3,1.34533E-09,-0.0782494,2.99947,-0.0805271,2.22271,PASS
tt,3.0,1.65,1.34591E-09,-0.0536256,2.99974,-0.0599486,2.39098,PASS
tt,3.0,2.0,1.36088E-09,-0.030454,2.99968,-0.0568051,2.52318,PASS
tt,3.0,2.4,1.38137E-09,-0.021411,2.99982,-0.0231253,2.63947,PASS
tt,3.0,2.8,1.3997E-09,-0.0174747,2.99993,-0.0181188,2.68752,PASS
tt,3.3,0.4,1.39237E-09,3.3,-1.4317E-05,1.32134,-1.49644E-05,WRONGPOL
tt,3.3,0.7,1.38852E-09,-0.00451908,3.3,-0.00452259,1.46481,PASS
tt,3.3,1.0,1.34075E-09,-0.0195795,3.29997,-0.0198721,2.18028,PASS
tt,3.3,1.3,1.32226E-09,-0.0807046,3.29938,-0.0832715,2.4595,PASS
tt,3.3,1.65,1.32318E-09,-0.059052,3.29974,-0.063116,2.64003,PASS
tt,3.3,2.0,1.33832E-09,-0.0347906,3.29968,-0.0620736,2.79346,PASS
tt,3.3,2.4,1.36213E-09,-0.0255313,3.29973,-0.0279688,2.92313,PASS
tt,3.3,2.8,1.38845E-09,-0.0201001,3.29989,-0.0211863,2.98916,PASS
tt,3.6,0.4,1.37096E-09,3.6,-1.33945E-05,1.42874,-1.53468E-05,WRONGPOL
tt,3.6,0.7,1.36563E-09,-0.0045187,3.6,-0.00452901,1.66109,PASS
tt,3.6,1.0,1.32122E-09,-0.019558,3.59998,-0.0197812,2.40455,PASS
tt,3.6,1.3,1.3044E-09,-0.0820035,3.59912,-0.0852268,2.69455,PASS
tt,3.6,1.65,1.30513E-09,-0.0634749,3.59975,-0.0658096,2.88476,PASS
tt,3.6,2.0,1.31932E-09,-0.0382005,3.59969,-0.0661611,3.05299,PASS
tt,3.6,2.4,1.3445E-09,-0.0294159,3.59968,-0.0323412,3.1923,PASS
tt,3.6,2.8,1.37547E-09,-0.0227856,3.59984,-0.0245557,3.28213,PASS
